abRequestId=b1a8204b-f169-5ac9-a240-d7e76f92e284; a1=192bd6bf1cfstrjudljds60zw3ua7ycqcd1hniisp50000115806; webId=aa08832c525b96208379fb35dcbb81eb; gid=yj2yJ8S4q0SjyjJDfKDiyf33SiM9FV7f1VfMyMUK8uEq7x280WvSAI888yy2Y8K820iSyWdi; customerClientId=244158184254652; x-user-id-creator.xiaohongshu.com=5a8ade5011be10540195cc7a; xsecappid=xhs-pc-web; websectiga=f47eda31ec99545da40c2f731f0630efd2b0959e1dd10d5fedac3dce0bd1e04d; sec_poison_id=5fbbe52c-9093-4642-98b0-24d101cf16fd; web_session=04006979478696029c2c79c3183a4bc5936e1e; webBuild=4.63.0; loadts=1747815203543,,,,,
681d6dd0000000000303b836,681c67d700000000120073d2,682ed8ce000000000303c740,6834095b0000000012002aa0,68358d6e000000000c03b034,6835924d000000000303eb91
100,100,100,111,111,111
"2025/6/28 12:59:59;
2025/6/28 12:59:59;
2025/6/28 12:59:59;","2025/6/28 12:59:59;
2025/6/28 12:59:59;
2025/6/28 12:59:59;","2025/6/28 12:59:59;
2025/6/28 12:59:59;
2025/6/28 12:59:59;","2025/6/28 12:59:59;
2025/6/28 12:59:59;
2025/6/28 12:59:59;","2025/6/28 12:59:59;
2025/6/28 12:59:59;
2025/6/28 12:59:59;","2025/6/28 12:59:59;
2025/6/28 12:59:59;
2025/6/28 12:59:59;"
3000,1000,,,,
2025/6/28,,,,,
