ID,昵称,支付码ID
6219f7f8000000001000b8a5,琼,1
6070464f000000000101f44f,kekekrk,1
60bcb7cd0000000001006639,护肤学姐123,1
64aabe66000000001f005ee3,开锁匠,1
579b0d3c6a6a696b9a76b29a,????乛?乛????雪姨,1
63898ac20000000023027246,小红薯638A93C3,1
6352b5bf000000001802e28b,^&s|5v|p,1
63367d2b0000000009031f10,Cqdjsp,1
652a6304000000002a01b979,小红薯67856CE9,1
5bb71bee04409c0001a76c69,六六,1
5b2a57bfe8ac2b25aabc9bcb,今天也要加油哦！,1
61b28d0d000000001000c6e2,意自形生1834,1
61dc6184000000001000ac74,派特狗国际宠物运输,1
6218d62a000000001000eb5d,香喷喷烤面包,1
6029f8dd00000000010041ae,家里好多毛毛毛,1
60a1f59a000000000100abfc,热爱生活的我,1
